{
"lengthUnit": "mil",
"components": {
	"fields": ["COMPONENT_NO", "COMPONENT_NAME", "LAYER", "X_COORDINATE", "Y_COORDINATE", "ANGLE"],
	"rows": [
		[1, "A2", "T", 953.07, -850, 180],
		[2, "CPU1", "T", 3.07, 1100, 0],
		[3, "JOY1", "T", 1878.07, 925, 180],
		[4, "RV1", "T", -1913.83, 953.39, 90],
		[5, "SB1", "T", -1470.57, -593.9, 270],
		[6, "SW1", "T", 3.07, -725, 90],
		[7, "X1", "T", 653.07, 1550, 270]
	]
},
"pins": {
	"fields": ["PIN_NO", "PIN_NAME", "PIN_X", "PIN_Y", "LAYER", "PIN_TYPE", "NET_NAME", "NET_TYPE", "PAD_SHAPE", "PAD_SIZEX", "PAD_SIZEY", "HOLE_SIZE", "PAD_ANGLE"],
	"rows": [
		[1, "A2_1", 953.07, -850, "T", "DIP", "G", "", "R", 60, 60, 36, 180],
		[2, "A2_1", 953.07, -850, "B", "DIP", "G", "", "R", 60, 60, 36, 180],
		[3, "A2_2", 953.07, -750, "T", "DIP", "V", "", "C", 60, 60, 36, 180],
		[4, "A2_2", 953.07, -750, "B", "DIP", "V", "", "C", 60, 60, 36, 180],
		[5, "A2_3", 1053.07, -850, "T", "DIP", "CE", "", "C", 60, 60, 36, 180],
		[6, "A2_3", 1053.07, -850, "B", "DIP", "CE", "", "C", 60, 60, 36, 180],
		[7, "A2_4", 1053.07, -750, "T", "DIP", "CSN", "", "C", 60, 60, 36, 180],
		[8, "A2_4", 1053.07, -750, "B", "DIP", "CSN", "", "C", 60, 60, 36, 180],
		[9, "A2_5", 1153.07, -850, "T", "DIP", "SCK", "", "C", 60, 60, 36, 180],
		[10, "A2_5", 1153.07, -850, "B", "DIP", "SCK", "", "C", 60, 60, 36, 180],
		[11, "A2_6", 1153.07, -750, "T", "DIP", "MOSI", "", "C", 60, 60, 36, 180],
		[12, "A2_6", 1153.07, -750, "B", "DIP", "MOSI", "", "C", 60, 60, 36, 180],
		[13, "A2_7", 1253.07, -850, "T", "DIP", "MISO", "", "C", 60, 60, 36, 180],
		[14, "A2_7", 1253.07, -850, "B", "DIP", "MISO", "", "C", 60, 60, 36, 180],
		[15, "A2_8", 1253.07, -750, "T", "DIP", "A2_8", "", "C", 60, 60, 36, 180],
		[16, "A2_8", 1253.07, -750, "B", "DIP", "A2_8", "", "C", 60, 60, 36, 180],
		[17, "CPU1_1", -296.93, 1600, "T", "DIP", "CPU1_1", "", "R", 65, 65, 35, 0],
		[18, "CPU1_1", -296.93, 1600, "B", "DIP", "CPU1_1", "", "R", 65, 65, 35, 0],
		[19, "CPU1_2", -296.93, 1500, "T", "DIP", "CPU1_2", "", "C", 65, 65, 35, 0],
		[20, "CPU1_2", -296.93, 1500, "B", "DIP", "CPU1_2", "", "C", 65, 65, 35, 0],
		[21, "CPU1_3", -296.93, 1400, "T", "DIP", "G", "", "C", 65, 65, 35, 0],
		[22, "CPU1_3", -296.93, 1400, "B", "DIP", "G", "", "C", 65, 65, 35, 0],
		[23, "CPU1_4", -296.93, 1300, "T", "DIP", "G", "", "C", 65, 65, 35, 0],
		[24, "CPU1_4", -296.93, 1300, "B", "DIP", "G", "", "C", 65, 65, 35, 0],
		[25, "CPU1_5", -296.93, 1200, "T", "DIP", "CPU1_5", "", "C", 65, 65, 35, 0],
		[26, "CPU1_5", -296.93, 1200, "B", "DIP", "CPU1_5", "", "C", 65, 65, 35, 0],
		[27, "CPU1_6", -296.93, 1100, "T", "DIP", "CPU1_6", "", "C", 65, 65, 35, 0],
		[28, "CPU1_6", -296.93, 1100, "B", "DIP", "CPU1_6", "", "C", 65, 65, 35, 0],
		[29, "CPU1_7", -296.93, 1000, "T", "DIP", "SB", "", "C", 65, 65, 35, 0],
		[30, "CPU1_7", -296.93, 1000, "B", "DIP", "SB", "", "C", 65, 65, 35, 0],
		[31, "CPU1_8", -296.93, 900, "T", "DIP", "CPU1_8", "", "C", 65, 65, 35, 0],
		[32, "CPU1_8", -296.93, 900, "B", "DIP", "CPU1_8", "", "C", 65, 65, 35, 0],
		[33, "CPU1_9", -296.93, 800, "T", "DIP", "SW", "", "C", 65, 65, 35, 0],
		[34, "CPU1_9", -296.93, 800, "B", "DIP", "SW", "", "C", 65, 65, 35, 0],
		[35, "CPU1_10", -296.93, 700, "T", "DIP", "CPU1_10", "", "C", 65, 65, 35, 0],
		[36, "CPU1_10", -296.93, 700, "B", "DIP", "CPU1_10", "", "C", 65, 65, 35, 0],
		[37, "CPU1_11", -296.93, 600, "T", "DIP", "CE", "", "C", 65, 65, 35, 0],
		[38, "CPU1_11", -296.93, 600, "B", "DIP", "CE", "", "C", 65, 65, 35, 0],
		[39, "CPU1_12", -296.93, 500, "T", "DIP", "CPU1_12", "", "C", 65, 65, 35, 0],
		[40, "CPU1_12", -296.93, 500, "B", "DIP", "CPU1_12", "", "C", 65, 65, 35, 0],
		[41, "CPU1_13", 303.07, 500, "T", "DIP", "CSN", "", "C", 65, 65, 35, 0],
		[42, "CPU1_13", 303.07, 500, "B", "DIP", "CSN", "", "C", 65, 65, 35, 0],
		[43, "CPU1_14", 303.07, 600, "T", "DIP", "MOSI", "", "C", 65, 65, 35, 0],
		[44, "CPU1_14", 303.07, 600, "B", "DIP", "MOSI", "", "C", 65, 65, 35, 0],
		[45, "CPU1_15", 303.07, 700, "T", "DIP", "MISO", "", "C", 65, 65, 35, 0],
		[46, "CPU1_15", 303.07, 700, "B", "DIP", "MISO", "", "C", 65, 65, 35, 0],
		[47, "CPU1_16", 303.07, 800, "T", "DIP", "SCK", "", "C", 65, 65, 35, 0],
		[48, "CPU1_16", 303.07, 800, "B", "DIP", "SCK", "", "C", 65, 65, 35, 0],
		[49, "CPU1_17", 303.07, 900, "T", "DIP", "J3Z", "", "C", 65, 65, 35, 0],
		[50, "CPU1_17", 303.07, 900, "B", "DIP", "J3Z", "", "C", 65, 65, 35, 0],
		[51, "CPU1_18", 303.07, 1000, "T", "DIP", "J3Y", "", "C", 65, 65, 35, 0],
		[52, "CPU1_18", 303.07, 1000, "B", "DIP", "J3Y", "", "C", 65, 65, 35, 0],
		[53, "CPU1_19", 303.07, 1100, "T", "DIP", "J3X", "", "C", 65, 65, 35, 0],
		[54, "CPU1_19", 303.07, 1100, "B", "DIP", "J3X", "", "C", 65, 65, 35, 0],
		[55, "CPU1_20", 303.07, 1200, "T", "DIP", "J1X", "", "C", 65, 65, 35, 0],
		[56, "CPU1_20", 303.07, 1200, "B", "DIP", "J1X", "", "C", 65, 65, 35, 0],
		[57, "CPU1_21", 303.07, 1300, "T", "DIP", "V", "", "C", 65, 65, 35, 0],
		[58, "CPU1_21", 303.07, 1300, "B", "DIP", "V", "", "C", 65, 65, 35, 0],
		[59, "CPU1_22", 303.07, 1400, "T", "DIP", "CPU1_22", "", "C", 65, 65, 35, 0],
		[60, "CPU1_22", 303.07, 1400, "B", "DIP", "CPU1_22", "", "C", 65, 65, 35, 0],
		[61, "CPU1_23", 303.07, 1500, "T", "DIP", "G", "", "C", 65, 65, 35, 0],
		[62, "CPU1_23", 303.07, 1500, "B", "DIP", "G", "", "C", 65, 65, 35, 0],
		[63, "CPU1_24", 303.07, 1600, "T", "DIP", "U+", "", "C", 65, 65, 35, 0],
		[64, "CPU1_24", 303.07, 1600, "B", "DIP", "U+", "", "C", 65, 65, 35, 0],
		[65, "JOY1_1", 1778.07, 1275, "T", "DIP", "G", "", "R", 78.74, 78.74, 39.37, 270],
		[66, "JOY1_1", 1778.07, 1275, "B", "DIP", "G", "", "R", 78.74, 78.74, 39.37, 270],
		[67, "JOY1_2", 1878.06, 1274.99, "T", "DIP", "V", "", "C", 78.74, 78.74, 39.37, 270],
		[68, "JOY1_2", 1878.06, 1274.99, "B", "DIP", "V", "", "C", 78.74, 78.74, 39.37, 270],
		[69, "JOY1_3", 1978.07, 1275, "T", "DIP", "J3X", "", "C", 78.74, 78.74, 39.37, 270],
		[70, "JOY1_3", 1978.07, 1275, "B", "DIP", "J3X", "", "C", 78.74, 78.74, 39.37, 270],
		[71, "JOY1_4", 1978.07, 575, "T", "DIP", "JOY1_4", "", "R", 78.74, 78.74, 39.37, 270],
		[72, "JOY1_4", 1978.07, 575, "B", "DIP", "JOY1_4", "", "R", 78.74, 78.74, 39.37, 270],
		[73, "JOY1_5", 1878.06, 575, "T", "DIP", "J3Z", "", "C", 78.74, 78.74, 39.37, 270],
		[74, "JOY1_5", 1878.06, 575, "B", "DIP", "J3Z", "", "C", 78.74, 78.74, 39.37, 270],
		[75, "JOY1_6", 1778.07, 575, "T", "DIP", "J3Y", "", "C", 78.74, 78.74, 39.37, 270],
		[76, "JOY1_6", 1778.07, 575, "B", "DIP", "J3Y", "", "C", 78.74, 78.74, 39.37, 270],
		[77, "RV1_1", -1563.83, 1053.39, "T", "DIP", "G", "", "R", 78.74, 78.74, 39.37, 180],
		[78, "RV1_1", -1563.83, 1053.39, "B", "DIP", "G", "", "R", 78.74, 78.74, 39.37, 180],
		[79, "RV1_2", -1563.84, 953.39, "T", "DIP", "V", "", "C", 78.74, 78.74, 39.37, 180],
		[80, "RV1_2", -1563.84, 953.39, "B", "DIP", "V", "", "C", 78.74, 78.74, 39.37, 180],
		[81, "RV1_3", -1563.83, 853.39, "T", "DIP", "J1X", "", "C", 78.74, 78.74, 39.37, 180],
		[82, "RV1_3", -1563.83, 853.39, "B", "DIP", "J1X", "", "C", 78.74, 78.74, 39.37, 180],
		[83, "RV1_4", -2263.83, 853.39, "T", "DIP", "RV1_4", "", "R", 78.74, 78.74, 39.37, 180],
		[84, "RV1_4", -2263.83, 853.39, "B", "DIP", "RV1_4", "", "R", 78.74, 78.74, 39.37, 180],
		[85, "RV1_5", -2263.83, 953.39, "T", "DIP", "RV1_5", "", "C", 78.74, 78.74, 39.37, 180],
		[86, "RV1_5", -2263.83, 953.39, "B", "DIP", "RV1_5", "", "C", 78.74, 78.74, 39.37, 180],
		[87, "RV1_6", -2263.83, 1053.39, "T", "DIP", "RV1_6", "", "C", 78.74, 78.74, 39.37, 180],
		[88, "RV1_6", -2263.83, 1053.39, "B", "DIP", "RV1_6", "", "C", 78.74, 78.74, 39.37, 180],
		[89, "SB1_1", -1820.57, -693.9, "T", "DIP", "G", "", "R", 78.74, 78.74, 39.37, 0],
		[90, "SB1_1", -1820.57, -693.9, "B", "DIP", "G", "", "R", 78.74, 78.74, 39.37, 0],
		[91, "SB1_2", -1820.56, -593.9, "T", "DIP", "V", "", "C", 78.74, 78.74, 39.37, 0],
		[92, "SB1_2", -1820.56, -593.9, "B", "DIP", "V", "", "C", 78.74, 78.74, 39.37, 0],
		[93, "SB1_3", -1820.57, -493.9, "T", "DIP", "SB", "", "C", 78.74, 78.74, 39.37, 0],
		[94, "SB1_3", -1820.57, -493.9, "B", "DIP", "SB", "", "C", 78.74, 78.74, 39.37, 0],
		[95, "SB1_4", -1120.57, -493.9, "T", "DIP", "SB1_4", "", "R", 78.74, 78.74, 39.37, 0],
		[96, "SB1_4", -1120.57, -493.9, "B", "DIP", "SB1_4", "", "R", 78.74, 78.74, 39.37, 0],
		[97, "SB1_5", -1120.57, -593.91, "T", "DIP", "SB1_5", "", "C", 78.74, 78.74, 39.37, 0],
		[98, "SB1_5", -1120.57, -593.91, "B", "DIP", "SB1_5", "", "C", 78.74, 78.74, 39.37, 0],
		[99, "SB1_6", -1120.57, -693.9, "T", "DIP", "SB1_6", "", "C", 78.74, 78.74, 39.37, 0],
		[100, "SB1_6", -1120.57, -693.9, "B", "DIP", "SB1_6", "", "C", 78.74, 78.74, 39.37, 0],
		[101, "SW1_1", 3.07, -825, "T", "DIP", "G", "", "O", 59.05, 98.42, 78.74, 90],
		[102, "SW1_1", 3.07, -825, "B", "DIP", "G", "", "O", 59.05, 98.42, 78.74, 90],
		[103, "SW1_2", 3.07, -725, "T", "DIP", "SW", "", "O", 59.05, 98.42, 78.74, 90],
		[104, "SW1_2", 3.07, -725, "B", "DIP", "SW", "", "O", 59.05, 98.42, 78.74, 90],
		[105, "SW1_3", 3.07, -625, "T", "DIP", "V", "", "O", 59.05, 98.42, 78.74, 90],
		[106, "SW1_3", 3.07, -625, "B", "DIP", "V", "", "O", 59.05, 98.42, 78.74, 90],
		[107, "X1_1", 653.07, 1600, "T", "DIP", "U+", "", "R", 70.87, 70.87, 43.31, 270],
		[108, "X1_1", 653.07, 1600, "B", "DIP", "U+", "", "R", 70.87, 70.87, 43.31, 270],
		[109, "X1_2", 653.07, 1500, "T", "DIP", "G", "", "C", 70.87, 70.87, 43.31, 270],
		[110, "X1_2", 653.07, 1500, "B", "DIP", "G", "", "C", 70.87, 70.87, 43.31, 270]
	]
}
}